{
    "RAW,RELU_FEATURES": 0.21046294355493272,
    "A5,RAW": 6.57833235500225e-05,
    "C3,RAW": 0.06684332229699003,
    "A1,RAW": 0.05733290099520402,
    "A3,RAW": -0.130588247124905,
    "B3,RAW": 0.22132382128794043,
    "C2,RAW": 0.06344923298331245,
    "B5,RAW": 0.24932024737148328,
    "A4,RAW": -0.12344813747001937,
    "B4,RAW": 0.2665315700653244,
    "C5,RAW": 0.13602787991005,
    "C4,RAW": 0.024133820483145742,
    "B1,RAW": 0.2847950006948758,
    "A2,RAW": 0.24284216761482638,
    "B2,RAW": 0.24443226395820947,
    "C1,RAW": 0.11323723080956093,
    "A5,RELU_FEATURES": 0.31604996934855156,
    "C3,RELU_FEATURES": 0.07637898623326127,
    "A1,RELU_FEATURES": 0.3106424159730447,
    "A3,RELU_FEATURES": 0.22474024652611443,
    "B3,RELU_FEATURES": 0.016261071282306843,
    "C2,RELU_FEATURES": 0.1515668006960998,
    "B5,RELU_FEATURES": 0.0016478676341651927,
    "A4,RELU_FEATURES": 0.22136731345533378,
    "B4,RELU_FEATURES": 0.025146819810126817,
    "C5,RELU_FEATURES": 0.0675304675426842,
    "C4,RELU_FEATURES": 0.10070788077176346,
    "B1,RELU_FEATURES": -0.006964556752801461,
    "A2,RELU_FEATURES": 0.21676741288836432,
    "B2,RELU_FEATURES": -0.002788664115569282,
    "C1,RELU_FEATURES": 0.09361166069769368,
    "A5,C3": -0.1554054155852557,
    "A1,A5": 0.011707669269396023,
    "A3,A5": -0.08107401050257798,
    "A5,B3": 0.23570105559362767,
    "A5,C2": 0.021545519919730863,
    "A5,B5": -0.0885955599842,
    "A4,A5": -0.11724081295390412,
    "A5,B4": 0.2460385761253647,
    "A5,C5": 0.07589830703436233,
    "A5,C4": 0.11159344291971236,
    "A5,B1": 0.2321592699756266,
    "A2,A5": 0.08901323399748334,
    "A5,B2": 0.23194769289489375,
    "A5,C1": 0.1292682737102839,
    "A1,C3": -0.0824137296230947,
    "A3,C3": 0.08957124178070146,
    "B3,C3": 0.3025941796595002,
    "C2,C3": -0.002403612375620384,
    "B5,C3": 0.12706385211407464,
    "A4,C3": -0.1644655156606493,
    "B4,C3": 0.13123206828952294,
    "C3,C5": -0.20771209734152807,
    "C3,C4": 0.0007884122133760421,
    "B1,C3": 0.29525530297638863,
    "A2,C3": -0.07392799841097471,
    "B2,C3": 0.053310277164289696,
    "C1,C3": -0.02721693704122369,
    "A1,A3": -0.05299223238064046,
    "A1,B3": 0.0760527566749436,
    "A1,C2": -0.0314054281621765,
    "A1,B5": 0.06160870742428067,
    "A1,A4": 0.12785443308812555,
    "A1,B4": 0.18662528345063933,
    "A1,C5": -0.02352408385378126,
    "A1,C4": 0.08694894116441858,
    "A1,B1": 0.25939862979469924,
    "A1,A2": 0.0065332081062772105,
    "A1,B2": 0.24127825190398852,
    "A1,C1": -0.015184969297471745,
    "A3,B3": -0.012350227930609485,
    "A3,C2": -0.08352478360873634,
    "A3,B5": 0.09324934388865844,
    "A3,A4": -0.22697256526993304,
    "A3,B4": 0.10275162970801084,
    "A3,C5": -0.038241394303310604,
    "A3,C4": 0.06981025332003914,
    "A3,B1": 0.058447729879952226,
    "A2,A3": -0.0015990409605200523,
    "A3,B2": -0.09288260456851025,
    "A3,C1": 0.0994197261887054,
    "B3,C2": 0.14769475714016336,
    "B3,B5": 0.29875656438159337,
    "A4,B3": 0.1675110051409342,
    "B3,B4": 0.304685461336136,
    "B3,C5": -0.027927905149525936,
    "B3,C4": 0.062291723639155284,
    "B1,B3": 0.3467805523414068,
    "A2,B3": 0.13284661437700035,
    "B2,B3": 0.26400990332562246,
    "B3,C1": 0.1541823184229618,
    "B5,C2": 0.21686687821706815,
    "A4,C2": -0.11118838099244081,
    "B4,C2": 0.23929371842845684,
    "C2,C5": -0.017667281064490573,
    "C2,C4": 0.12538244053299455,
    "B1,C2": 0.16866621866989903,
    "A2,C2": 0.2017767074624466,
    "B2,C2": 0.21127059856182245,
    "C1,C2": 0.11751653803689738,
    "A4,B5": 0.18869827288390617,
    "B4,B5": 0.3019191877170793,
    "B5,C5": 0.2523094173863791,
    "B5,C4": 0.13524648638757875,
    "B1,B5": 0.4005670089618578,
    "A2,B5": 0.3079941528015345,
    "B2,B5": 0.2932304851516443,
    "B5,C1": 0.275518816757043,
    "A4,B4": 0.017582470452566987,
    "A4,C5": -0.15828441996113873,
    "A4,C4": 0.23603459704582688,
    "A4,B1": 0.20903146316157006,
    "A2,A4": 0.14547770645361752,
    "A4,B2": 0.10770523746722857,
    "A4,C1": 0.09759745369089884,
    "B4,C5": 0.17347359659147774,
    "B4,C4": 0.222507389522531,
    "B1,B4": 0.3822123250889506,
    "A2,B4": 0.2611484726707134,
    "B2,B4": 0.36024680243461304,
    "B4,C1": 0.24981534033205827,
    "C4,C5": 0.05268632555024788,
    "B1,C5": 0.24415207915686438,
    "A2,C5": 0.10956940360956537,
    "B2,C5": 0.06653738364057699,
    "C1,C5": -0.028012708532191496,
    "B1,C4": 0.23194133060928587,
    "A2,C4": -0.03502355886405509,
    "B2,C4": 0.144587923902871,
    "C1,C4": -0.09283051911391092,
    "A2,B1": 0.10804570725387773,
    "B1,B2": 0.33657234670570446,
    "B1,C1": 0.2773704854708754,
    "A2,B2": 0.06900018502464032,
    "A2,C1": 0.15362223507956116,
    "B2,C1": 0.2072229073453859
}