{
    "RAW,RAW": 1.0,
    "RAW,RELU_FEATURES": 0.6588760223394154,
    "B2,RAW": 0.16898642899151556,
    "A5,RAW": 0.4834553144961928,
    "C5,RAW": 0.42234738752775025,
    "A1,RAW": 0.5409602786943163,
    "A3,RAW": 0.5185004994208399,
    "C2,RAW": 0.4366818147363538,
    "C1,RAW": 0.4902894614044112,
    "A4,RAW": 0.4815778611050743,
    "C4,RAW": 0.43035059837798906,
    "B3,RAW": 0.12482578756565257,
    "B4,RAW": 0.21256551097264906,
    "A2,RAW": 0.44089121056869923,
    "C3,RAW": 0.45382669069220677,
    "B1,RAW": 0.24614528795725885,
    "B5,RAW": 0.19637582748407378,
    "RELU_FEATURES,RELU_FEATURES": 1.0,
    "B2,RELU_FEATURES": 0.2584243631041666,
    "A5,RELU_FEATURES": 0.5423230443501837,
    "C5,RELU_FEATURES": 0.5367187953208026,
    "A1,RELU_FEATURES": 0.5931932488752234,
    "A3,RELU_FEATURES": 0.5813948627457672,
    "C2,RELU_FEATURES": 0.5746936198260466,
    "C1,RELU_FEATURES": 0.6190281552022602,
    "A4,RELU_FEATURES": 0.5819156677562034,
    "C4,RELU_FEATURES": 0.5532611141887304,
    "B3,RELU_FEATURES": 0.20891411668058182,
    "B4,RELU_FEATURES": 0.2885750993161737,
    "A2,RELU_FEATURES": 0.5182212958789774,
    "C3,RELU_FEATURES": 0.5952627013728388,
    "B1,RELU_FEATURES": 0.3044498625715305,
    "B5,RELU_FEATURES": 0.2797331333910389,
    "B2,B2": 1.0,
    "A5,B2": 0.24903120288366312,
    "B2,C5": 0.33464339600959947,
    "A1,B2": 0.20297818037538864,
    "A3,B2": 0.2055806306442164,
    "B2,C2": 0.3468185234119339,
    "B2,C1": 0.30055810587762033,
    "A4,B2": 0.2355059646134402,
    "B2,C4": 0.3454300240390192,
    "B2,B3": 0.4693786557254809,
    "B2,B4": 0.45257160821388237,
    "A2,B2": 0.18952596274098893,
    "B2,C3": 0.3443933344529467,
    "B1,B2": 0.3936132140163094,
    "B2,B5": 0.4526109512257962,
    "A5,A5": 0.9999999999999999,
    "A5,C5": 0.43216694705114844,
    "A1,A5": 0.45830369250172953,
    "A3,A5": 0.4348000587763498,
    "A5,C2": 0.46144084915498784,
    "A5,C1": 0.4656265014799965,
    "A4,A5": 0.46672641119362923,
    "A5,C4": 0.44553146319346015,
    "A5,B3": 0.21091593758821572,
    "A5,B4": 0.26967762576858634,
    "A2,A5": 0.3928120026204456,
    "A5,C3": 0.4496547844561044,
    "A5,B1": 0.2806475844816439,
    "A5,B5": 0.2767228709838218,
    "C5,C5": 0.9999999999999999,
    "A1,C5": 0.4432972627948959,
    "A3,C5": 0.4388785196681905,
    "C2,C5": 0.6278764931857705,
    "C1,C5": 0.6308062558350896,
    "A4,C5": 0.4419342800578515,
    "C4,C5": 0.6196181341078044,
    "B3,C5": 0.2862424984683359,
    "B4,C5": 0.3671100352301506,
    "A2,C5": 0.41901819675751206,
    "C3,C5": 0.6223522648782134,
    "B1,C5": 0.3238232997654446,
    "B5,C5": 0.34843299064694405,
    "A1,A1": 0.9999999999999999,
    "A1,A3": 0.4812192941531817,
    "A1,C2": 0.4520339123211964,
    "A1,C1": 0.4909806612488223,
    "A1,A4": 0.48455932472504704,
    "A1,C4": 0.4460001605014765,
    "A1,B3": 0.14980975475516353,
    "A1,B4": 0.23958526819305373,
    "A1,A2": 0.437326583849157,
    "A1,C3": 0.4621176898445487,
    "A1,B1": 0.25214111167840153,
    "A1,B5": 0.237762101719191,
    "A3,A3": 0.9999999999999999,
    "A3,C2": 0.4585989514135916,
    "A3,C1": 0.49396721983414077,
    "A3,A4": 0.4613582879755424,
    "A3,C4": 0.4457901632157582,
    "A3,B3": 0.1596305843750483,
    "A3,B4": 0.22635332799640667,
    "A2,A3": 0.42761826883241183,
    "A3,C3": 0.46816563583561394,
    "A3,B1": 0.22386622830815547,
    "A3,B5": 0.22630660324675317,
    "C2,C2": 0.9999999999999999,
    "C1,C2": 0.6599520433924272,
    "A4,C2": 0.4641866728708368,
    "C2,C4": 0.6462837564304558,
    "B3,C2": 0.3174865951738512,
    "B4,C2": 0.3493230575156723,
    "A2,C2": 0.42215985126318123,
    "C2,C3": 0.6644517362492932,
    "B1,C2": 0.3396041488923692,
    "B5,C2": 0.3573874046478842,
    "C1,C1": 0.9999999999999999,
    "A4,C1": 0.4855269580293148,
    "C1,C4": 0.6355290688932527,
    "B3,C1": 0.24631130584685249,
    "B4,C1": 0.345371291433048,
    "A2,C1": 0.44722877823595153,
    "C1,C3": 0.6625982754830773,
    "B1,C1": 0.3247972966124557,
    "B5,C1": 0.32691797657542915,
    "A4,A4": 0.9999999999999999,
    "A4,C4": 0.453076087710044,
    "A4,B3": 0.1958551888478484,
    "A4,B4": 0.2480949123038942,
    "A2,A4": 0.42069495441771615,
    "A4,C3": 0.47596108189300657,
    "A4,B1": 0.2631645574206989,
    "A4,B5": 0.2510499398578646,
    "C4,C4": 0.9999999999999999,
    "B3,C4": 0.30819367399316167,
    "B4,C4": 0.38718719118078887,
    "A2,C4": 0.42566873943621003,
    "C3,C4": 0.6398113170269393,
    "B1,C4": 0.3484707797927023,
    "B5,C4": 0.3715119066608435,
    "B3,B3": 1.0,
    "B3,B4": 0.4076285249226106,
    "A2,B3": 0.1583457937311617,
    "B3,C3": 0.3064574298825129,
    "B1,B3": 0.38792770749630817,
    "B3,B5": 0.4229323140499361,
    "B4,B4": 1.0,
    "A2,B4": 0.22294016164755595,
    "B4,C3": 0.35235758008372914,
    "B1,B4": 0.4091781933451742,
    "B4,B5": 0.47302468525728236,
    "A2,A2": 0.9999999999999999,
    "A2,C3": 0.4250118030257575,
    "A2,B1": 0.2270118504173597,
    "A2,B5": 0.2202010800380943,
    "C3,C3": 0.9999999999999999,
    "B1,C3": 0.3361429712519227,
    "B5,C3": 0.3485984863401961,
    "B1,B1": 1.0,
    "B1,B5": 0.4328396391956546,
    "B5,B5": 1.0
}