{
    "RAW,RAW": 1.0,
    "RAW,RELU_FEATURES": 0.6653919825272269,
    "A5,RAW": 0.4834553144961928,
    "C3,RAW": 0.47985758958874697,
    "A1,RAW": 0.5409602786943163,
    "A3,RAW": 0.5185004994208399,
    "B3,RAW": 0.2241659540289089,
    "C2,RAW": 0.44444673078151936,
    "B5,RAW": 0.1749871559766806,
    "A4,RAW": 0.4815778611050743,
    "B4,RAW": 0.19043582401975434,
    "C5,RAW": 0.4610688865862699,
    "C4,RAW": 0.4863284342846399,
    "B1,RAW": 0.17636704113666984,
    "A2,RAW": 0.44089121056869923,
    "B2,RAW": 0.23765022936420674,
    "C1,RAW": 0.473763534546338,
    "RELU_FEATURES,RELU_FEATURES": 1.0,
    "A5,RELU_FEATURES": 0.5413595089169504,
    "C3,RELU_FEATURES": 0.6111539061231513,
    "A1,RELU_FEATURES": 0.5991203305026607,
    "A3,RELU_FEATURES": 0.5842747015443074,
    "B3,RELU_FEATURES": 0.2878847503639485,
    "C2,RELU_FEATURES": 0.5590961254049541,
    "B5,RELU_FEATURES": 0.273132280625858,
    "A4,RELU_FEATURES": 0.5790364012107575,
    "B4,RELU_FEATURES": 0.2670046663136126,
    "C5,RELU_FEATURES": 0.556566440714798,
    "C4,RELU_FEATURES": 0.6213813747773527,
    "B1,RELU_FEATURES": 0.24820940551936663,
    "A2,RELU_FEATURES": 0.5152352669880632,
    "B2,RELU_FEATURES": 0.33851905921046954,
    "C1,RELU_FEATURES": 0.6030318453022386,
    "A5,A5": 0.9999999999999999,
    "A5,C3": 0.48034225060358,
    "A1,A5": 0.45830369250172953,
    "A3,A5": 0.4348000587763498,
    "A5,B3": 0.27222932106543535,
    "A5,C2": 0.446644054098732,
    "A5,B5": 0.2408307150535744,
    "A4,A5": 0.46672641119362923,
    "A5,B4": 0.23596786089159513,
    "A5,C5": 0.45723563774528114,
    "A5,C4": 0.4834306086991917,
    "A5,B1": 0.2356640864153051,
    "A2,A5": 0.3928120026204456,
    "A5,B2": 0.3064545058873009,
    "A5,C1": 0.47326371601226946,
    "C3,C3": 0.9999999999999999,
    "A1,C3": 0.4910991218241893,
    "A3,C3": 0.4896675781082586,
    "B3,C3": 0.346451604156557,
    "C2,C3": 0.6642067564230508,
    "B5,C3": 0.3415250411991346,
    "A4,C3": 0.4932235431934741,
    "B4,C3": 0.320005263830348,
    "C3,C5": 0.6820868328082415,
    "C3,C4": 0.7423655943538715,
    "B1,C3": 0.3058324213657095,
    "A2,C3": 0.4339663007430718,
    "B2,C3": 0.42627121272054164,
    "C1,C3": 0.7195238976883342,
    "A1,A1": 0.9999999999999999,
    "A1,A3": 0.4812192941531817,
    "A1,B3": 0.2553142672683073,
    "A1,C2": 0.45599040067919333,
    "A1,B5": 0.22370852101063238,
    "A1,A4": 0.48455932472504704,
    "A1,B4": 0.2086265663771106,
    "A1,C5": 0.46487546362190385,
    "A1,C4": 0.5064562666214529,
    "A1,B1": 0.19772907167088316,
    "A1,A2": 0.437326583849157,
    "A1,B2": 0.2710174442811689,
    "A1,C1": 0.4912317514740006,
    "A3,A3": 0.9999999999999999,
    "A3,B3": 0.23214929371467605,
    "A3,C2": 0.4590613082227705,
    "A3,B5": 0.23414838773456476,
    "A3,A4": 0.4613582879755424,
    "A3,B4": 0.21001957649412972,
    "A3,C5": 0.4722316389157052,
    "A3,C4": 0.5015695813004614,
    "A3,B1": 0.19672484017755798,
    "A2,A3": 0.42761826883241183,
    "A3,B2": 0.2659106219012889,
    "A3,C1": 0.48807080999116303,
    "B3,B3": 1.0,
    "B3,C2": 0.3546061405912515,
    "B3,B5": 0.41026134379650403,
    "A4,B3": 0.2567160187819755,
    "B3,B4": 0.40483870162101704,
    "B3,C5": 0.3364905884368788,
    "B3,C4": 0.3381923703723505,
    "B1,B3": 0.4224624779514879,
    "A2,B3": 0.23026971249724804,
    "B2,B3": 0.4507249272700495,
    "B3,C1": 0.3321441575186328,
    "C2,C2": 0.9999999999999999,
    "B5,C2": 0.35388698599945406,
    "A4,C2": 0.45807182225052184,
    "B4,C2": 0.3322882679860676,
    "C2,C5": 0.6450875311780142,
    "C2,C4": 0.6749824251928053,
    "B1,C2": 0.3209504308714531,
    "A2,C2": 0.41250365862369454,
    "B2,C2": 0.3821551519629027,
    "C1,C2": 0.6547235327851622,
    "B5,B5": 1.0,
    "A4,B5": 0.2466232108824714,
    "B4,B5": 0.4195239930308065,
    "B5,C5": 0.34037310889052896,
    "B5,C4": 0.3386726343884019,
    "B1,B5": 0.38342119414015363,
    "A2,B5": 0.23312408820061947,
    "B2,B5": 0.44723816846549785,
    "B5,C1": 0.3407273661278652,
    "A4,A4": 0.9999999999999999,
    "A4,B4": 0.2342844678480715,
    "A4,C5": 0.46428391639559824,
    "A4,C4": 0.5055442788989932,
    "A4,B1": 0.21987933921861458,
    "A2,A4": 0.42069495441771615,
    "A4,B2": 0.30702701774371727,
    "A4,C1": 0.48661164220713354,
    "B4,B4": 1.0,
    "B4,C5": 0.3071420134835666,
    "B4,C4": 0.31606055730159116,
    "B1,B4": 0.41779500759693927,
    "A2,B4": 0.21032868866795873,
    "B2,B4": 0.42134127918738506,
    "B4,C1": 0.3127099309728806,
    "C5,C5": 0.9999999999999999,
    "C4,C5": 0.7031982786297755,
    "B1,C5": 0.3003810880172541,
    "A2,C5": 0.4249089155202031,
    "B2,C5": 0.3911158670575472,
    "C1,C5": 0.6887954257895103,
    "C4,C4": 0.9999999999999999,
    "B1,C4": 0.2918530285985242,
    "A2,C4": 0.44876407100688454,
    "B2,C4": 0.4104069644229729,
    "C1,C4": 0.7329125621657681,
    "B1,B1": 1.0,
    "A2,B1": 0.19823959814998002,
    "B1,B2": 0.38188456809942606,
    "B1,C1": 0.29947673217556403,
    "A2,A2": 0.9999999999999999,
    "A2,B2": 0.2577716794484371,
    "A2,C1": 0.44392225603222896,
    "B2,B2": 1.0,
    "B2,C1": 0.41019669888489857,
    "C1,C1": 0.9999999999999999
}